"Boxt Containers",,"Birmingham","AL",,"888-698-2698"
"Boxt Containers",,"Conway","AR",,"888-698-2698"
"Boxt Containers",,"Marion","AR",,"888-698-2698"
"Boxt Containers",,"Phoenix","AZ",,"888-698-2698"
"Boxt Containers",,"Long Beach","CA",,"888-698-2698"
"Boxt Containers",,"Oakland","CA",,"888-698-2698"
"Boxt Containers",,"Gardena","CA",,"888-698-2698"
"Boxt Containers",,"Fresno","CA",,"888-698-2698"
"Boxt Containers",,"Henderson","CO",,"888-698-2698"
"Boxt Containers",,"Waterbury","CT",,"888-698-2698"
"Boxt Containers",,"Orlando","FL",,"888-698-2698"
"Boxt Containers",,"Fort Myers","FL",,"888-698-2698"
"Boxt Containers",,"Medley","FL",,"888-698-2698"
"Boxt Containers",,"Jacksonville","FL",,"888-698-2698"
"Boxt Containers",,"Tallahassee","FL",,"888-698-2698"
"Boxt Containers",,"Lawrenceville","GA",,"888-698-2698"
"Boxt Containers",,"Conyers","GA",,"888-698-2698"
"Boxt Containers",,"Chicago","IL",,"888-698-2698"
"Boxt Containers",,"Godfrey","IL",,"888-698-2698"
"Boxt Containers",,"Floyds Knobs","IN",,"888-698-2698"
"Boxt Containers",,"New Orleans","LA",,"888-698-2698"
"Boxt Containers",,"Baltimore","MD",,"888-698-2698"
"Boxt Containers",,"Grand Ledge","MI",,"888-698-2698"
"Boxt Containers",,"New Haven","MI",,"888-698-2698"
"Boxt Containers",,"Wyoming","MI",,"888-698-2698"
"Boxt Containers",,"Fridley","MN",,"888-698-2698"
"Boxt Containers",,"Kansar City","MO",,"888-698-2698"
"Boxt Containers",,"Wake Forest","NC",,"888-698-2698"
"Boxt Containers",,"Asheboro","NC",,"888-698-2698"
"Boxt Containers",,"Raleigh","NC",,"888-698-2698"
"Boxt Containers",,"Fayeteville","NC",,"888-698-2698"
"Boxt Containers",,"Wilmington","NC",,"888-698-2698"
"Boxt Containers",,"Camden","NJ",,"888-698-2698"
"Boxt Containers",,"Sayreville","NJ",,"888-698-2698"
"Boxt Containers",,"East Patchogue","NY",,"888-698-2698"
"Boxt Containers",,"Savannah","NY",,"888-698-2698"
"Boxt Containers",,"Corfu","NY",,"888-698-2698"
"Boxt Containers",,"Waynesburg","OH",,"888-698-2698"
"Boxt Containers",,"Wellsville","PA",,"888-698-2698"
"Boxt Containers",,"Charleston","SC",,"888-698-2698"
"Boxt Containers",,"Kershaw","SC",,"888-698-2698"
"Boxt Containers",,"Memphis","TN",,"888-698-2698"
"Boxt Containers",,"Mount Juliet","TN",,"888-698-2698"
"Boxt Containers",,"Powell","TN",,"888-698-2698"
"Boxt Containers",,"Balch Springs ","TX",,"888-698-2698"
"Boxt Containers",,"Seguin","TX",,"888-698-2698"
"Boxt Containers",,"Houston","TX",,"888-698-2698"
"Boxt Containers",,"Chesapeake","VA",,"888-698-2698"
"Boxt Containers",,"Culpeper","VA",,"888-698-2698"
"Boxt Containers",,"Lakewood","WA",,"888-698-2698"
"Boxt Containers",,"Janesville","WI",,"888-698-2698"
"Boxt Containers",,"Franksville","WI",,"888-698-2698"
"COWS",,"Lubbock","TX",,"479-494-6925"
"COWS",,"Rochester","NY",,"479-494-6925"
"COWS",,"Noblesville","IN",,"479-494-6925"
"COWS",,"Sanford","NC",,"479-494-6925"
"COWS",,"Watertown","NY",,"479-494-6925"
"COWS",,"Clivis","NM",,"479-494-6925"
"COWS",,"Essex Junction ","VT",,"479-494-6925"
"COWS",,"Ixonia","WI",,"479-494-6925"
"COWS",,"Copurs Christi","TX",,"479-494-6925"
"COWS",,"Lovelland","TX",,"479-494-6925"
"COWS",,"Orlando","FL",,"479-494-6925"
"COWS",,"Bossier City","LA",,"479-494-6925"
"COWS",,"West Palm Beach","FL",,"479-494-6925"
"COWS",,"Cranston","RI",,"479-494-6925"
"COWS",,"Menomonee Falls","WI",,"479-494-6925"
"COWS",,"Clinton","NY",,"479-494-6925"
"COWS",,"Forestville","MD",,"479-494-6925"
"COWS",,"Ayer","MA",,"479-494-6925"
"COWS",,"Rockville","MD",,"479-494-6925"
"COWS",,"Milford","MA",,"479-494-6925"
"AccuMobile Storage",,"Altamonte Springs","FL",,"407-330-4336"
"AccuMobile Storage",,"Casselberry","FL",,"407-330-4336"
"AccuMobile Storage",,"Chuluota","FL",,"407-330-4336"
"AccuMobile Storage",,"Eatonville","FL",,"407-330-4336"
"AccuMobile Storage",,"Fern Park","FL",,"407-330-4336"
"AccuMobile Storage",,"Forest City","FL",,"407-330-4336"
"AccuMobile Storage",,"Geneva","FL",,"407-330-4336"
"AccuMobile Storage",,"Goldenrod","FL",,"407-330-4336"
"AccuMobile Storage",,"Heatrow","FL",,"407-330-4336"
"AccuMobile Storage",,"Lake Mary","FL",,"407-330-4336"
"AccuMobile Storage",,"Lake Monroe","FL",,"407-330-4336"
"AccuMobile Storage",,"Longwood","FL",,"407-330-4336"
"AccuMobile Storage",,"Maitland","FL",,"407-330-4336"
"AccuMobile Storage",,"Oviedo","FL",,"407-330-4336"
"AccuMobile Storage",,"Sanford","FL",,"407-330-4336"
"AccuMobile Storage",,"Winter Park","FL",,"407-330-4336"
"AccuMobile Storage",,"Winter Springs","FL",,"407-330-4336"
"AccuMobile Storage",,"Daytona Beach","FL",,"386-672-4336"
"AccuMobile Storage",,"Daytone Beach Shores","FL",,"386-672-4336"
"AccuMobile Storage",,"Holly Hill","FL",,"386-672-4336"
"AccuMobile Storage",,"Ormond Beach","FL",,"386-672-4336"
"AccuMobile Storage",,"Ponce Inlet","FL",,"386-672-4336"
"AccuMobile Storage",,"Port Orange","FL",,"386-672-4336"
"AccuMobile Storage",,"South Daytona","FL",,"386-672-4336"
"AccuMobile Storage",,"New Smyrna Beach","FL",,"386-423-3443"
"AccuMobile Storage",,"Edgewater","FL",,"386-423-3443"
"AccuMobile Storage",,"Oak Hill","FL",,"386-423-3443"
"AccuMobile Storage",,"DeLand","FL",,"386-943-3663"
"AccuMobile Storage",,"DeBary","FL",,"386-943-3663"
"AccuMobile Storage",,"Orange City","FL",,"386-943-3663"
"AccuMobile Storage",,"Deltona","FL",,"386-943-3663"
"AccuMobile Storage",,"Lake Helen","FL",,"386-943-3663"
"AccuMobile Storage",,"Deltona Lakes","FL",,"386-943-3663"
"AccuMobile Storage",,"Osteen","FL",,"386-943-3663"
"AccuMobile Storage",,"Barberville","FL",,"386-943-3663"
"AccuMobile Storage",,"Cassadaga","FL",,"386-943-3663"
"AccuMobile Storage",,"DeLeon Springs","FL",,"386-943-3663"
"AccuMobile Storage",,"Emporia","FL",,"386-943-3663"
"AccuMobile Storage",,"Enterprise","FL",,"386-943-3663"
"AccuMobile Storage",,"Glenwood","FL",,"386-943-3663"
"AccuMobile Storage",,"Pierson","FL",,"386-943-3663"
"AccuMobile Storage",,"Seville","FL",,"386-943-3663"
"AccuMobile Storage",,"Volusia","FL",,"386-943-3663"
"AccuMobile Storage",,"Cocoa","FL",,"321-690-4336"
"AccuMobile Storage",,"Cocoa Beach","FL",,"321-690-4336"
"AccuMobile Storage",,"Titusville","FL",,"321-690-4336"
"AccuMobile Storage",,"Cape Canaveral","FL",,"321-690-4336"
"AccuMobile Storage",,"Rockledge","FL",,"321-690-4336"
"AccuMobile Storage",,"Merritt Island","FL",,"321-690-4336"
"AccuMobile Storage",,"Port St. John","FL",,"321-690-4336"
"AccuMobile Storage",,"Bellwood ","FL",,"321-690-4336"
"AccuMobile Storage",,"Mims","FL",,"321-690-4336"
"AccuMobile Storage",,"Scottsmoore","FL",,"321-690-4336"
"AccuMobile Storage",,"Melbourne","FL",,"321-733-0334"
"AccuMobile Storage",,"West Melbourne","FL",,"321-733-0334"
"AccuMobile Storage",,"Palm Bay","FL",,"321-733-0334"
"AccuMobile Storage",,"Satellite Beach","FL",,"321-733-0334"
"AccuMobile Storage",,"Indianlantic","FL",,"321-733-0334"
"AccuMobile Storage",,"Indian Harbour Beach","FL",,"321-733-0334"
"AccuMobile Storage",,"Eau Gallie","FL",,"321-733-0334"
"AccuMobile Storage",,"Palm Coast","FL",,"386-447-3443"
"AccuMobile Storage",,"Bunnell","FL",,"386-447-3443"
"AccuMobile Storage",,"Flagler Beach","FL",,"386-447-3443"
"AccuMobile Storage",,"Beverly Beach","FL",,"386-447-3443"
"AccuMobile Storage",,"Marineland","FL",,"386-447-3443"
"AccuMobile Storage",,"Orlando","FL",,"407-330-4336"
"AccuMobile Storage",,"Appopka","FL",,"407-330-4336"
"AccuMobile Storage",,"Belle Isle","FL",,"407-330-4336"
"AccuMobile Storage",,"Edgewood","FL",,"407-330-4336"
"AccuMobile Storage",,"Lake Buena Vista","FL",,"407-330-4336"
"AccuMobile Storage",,"Oakland","FL",,"407-330-4336"
"AccuMobile Storage",,"Ocoee","FL",,"407-330-4336"
"AccuMobile Storage",,"Windermere","FL",,"407-330-4336"
"AccuMobile Storage",,"Winter Garden","FL",,"407-330-4336"
"AccuMobile Storage",,"St Augustine","FL",,"904-797-4336"
"AccuMobile Storage",," St Augustine Beach","FL",,"904-797-4336"
"AccuMobile Storage",,"St Augustine Shores","FL",,"904-797-4336"
"AccuMobile Storage",,"Crescent Beach","FL",,"904-797-4336"
"AccuMobile Storage",,"Fruit Cove","FL",,"904-797-4336"
"AccuMobile Storage",,"Green Cove Springs","FL",,"904-797-4336"
"AccuMobile Storage",,"Hastings","FL",,"904-797-4336"
"AccuMobile Storage",,"Orangedale","FL",,"904-797-4336"
"AccuMobile Storage",,"Switzerland","FL",,"904-797-4336"
"AccuMobile Storage",,"Vilano Beach","FL",,"904-797-4336"
"Mobile Mini -  North Salt Lake City","95 North 700 West, Suite E","North Salt Lake City","UT",84054,"877-707-1708"
"Mobile Mini -  Phoenix","4010 S. 36th Street","Phoenix","AZ",85040,"877-808-9933"
"Mobile Mini -  Tucson","1485 W. Glenn Street","Tucson","AZ",85705,"877-309-5835"
"Mobile Mini -  Lindon","135 S. 1200 West & 1108 W. 200 South","Lindon","UT",84042,"877-715-7664"
"Mobile Mini -  Boise","4302 Industrial Street","Boise","ID",83705,"877-240-7858"
"Mobile Mini -  Olympia","12921 Case Road SW","Olympia","WA",98512,"877-808-9868"
"Mobile Mini -  Woodinville","21818 76th Drive SE","Woodinville","WA",98072,"877-707-1773"
"Mobile Mini -  Spokane","203 W. 3rd Avenue","Spokane","WA",99201,"877-707-1796"
"Mobile Mini -  Portland","5940 NE Cully Blvd.","Portland","OR",97218,"877-545-2732"
"Mobile Mini -  Bakersfield","3213 Gibson Street","Bakersfield","CA",93308,"877-238-7077"
"Mobile Mini -  Lathrop","16351 S. McKinley Avenue","Lathrop","CA",95330,"877-715-7674"
"Mobile Mini -  Chico","3902 Esplanade","Chico","CA",95973,"877-612-5168"
"Mobile Mini -  Poway","12345 Crosthwaite Circle","Poway","CA",92064,"877-707-1769"
"Mobile Mini -  Fremont","44580 Old Warm Springs Blvd","Fremont","CA",94538,"877-331-2184"
"Mobile Mini -  Rialto","2660 N. Locust Avenue","Rialto","CA",92377,"877-545-2749"
"Mobile Mini -  Fresno","2486 W. McKinley Avenue","Fresno","CA",93728,"877-318-8125"
"Mobile Mini -  Sacramento","8160 Junipero Street","Sacramento","CA",95828,"877-545-2740"
"Mobile Mini -  Gardena","15100 San Pedro Street","Gardena","CA",90248,"877-300-0128"
"Mobile Mini -  Saticoy","1794 Lirio Avenue","Saticoy","CA",93003,"877-309-5813"
"Mobile Mini -  Lancaster","42159 3rd St East","Lancaster","CA",93535,"877-715-7672"
"Mobile Mini -  Windsor","470 Caletti Avenue","Windsor","CA",95492,"877-661-9931"
